uuid;datetime;timezone;stock_uuid;interval;currency;exchange_uuid;open;high;low;close;volume
1666695600000;2022-10-25 11:00:00;America/Sao_Paulo;I1FF34.SA;60m;BRL;.SA;256.0;256.0;255.0;255.0;1.0
1666785600000;2022-10-26 12:00:00;America/Sao_Paulo;I1FF34.SA;60m;BRL;.SA;258.5;258.5;258.0;258.0;0.0
1666951200000;2022-10-28 10:00:00;America/Sao_Paulo;I1FF34.SA;60m;BRL;.SA;258.0;258.0;258.0;258.0;0.0
1666954800000;2022-10-28 11:00:00;America/Sao_Paulo;I1FF34.SA;60m;BRL;.SA;258.0;258.0;258.0;258.0;1.0
