uuid;datetime;timezone;stock_uuid;interval;currency;exchange_uuid;open;high;low;close;volume
1666692000000;2022-10-25 10:00:00;America/Sao_Paulo;K1SS34.SA;60m;BRL;.SA;156.0;156.0;156.0;156.0;0.0
1666695600000;2022-10-25 11:00:00;America/Sao_Paulo;K1SS34.SA;60m;BRL;.SA;160.0;160.0;160.0;160.0;10.0
1666710000000;2022-10-25 15:00:00;America/Sao_Paulo;K1SS34.SA;60m;BRL;.SA;159.8000030517578;159.8000030517578;159.8000030517578;159.8000030517578;48.0
1666785600000;2022-10-26 12:00:00;America/Sao_Paulo;K1SS34.SA;60m;BRL;.SA;164.1999969482422;164.1999969482422;164.1999969482422;164.1999969482422;0.0
